-- ============================================================================
-- Vibetide (Vibe Media) 演示数据初始化
-- 执行方式: env $(grep DATABASE_URL .env.local) psql -f supabase/seed.sql
-- 或在 Supabase SQL Editor 中直接粘贴执行
-- ============================================================================

BEGIN;

-- ── 0. 清理已有数据（按外键依赖顺序） ──
TRUNCATE TABLE
  message_reads,
  execution_logs,
  performance_snapshots,
  employee_config_versions,
  employee_memories,
  workflow_artifacts,
  workflow_steps,
  workflow_instances,
  team_messages,
  team_members,
  teams,
  employee_knowledge_bases,
  employee_skills,
  publish_plans,
  channel_metrics,
  channels,
  review_results,
  article_assets,
  articles,
  topic_angles,
  competitor_responses,
  comment_insights,
  hot_topics,
  asset_tags,
  detected_faces,
  asset_segments,
  media_assets,
  knowledge_sync_logs,
  knowledge_items,
  knowledge_bases,
  tasks,
  batch_items,
  batch_jobs,
  event_outputs,
  event_highlights,
  event_transcriptions,
  events,
  categories,
  skills,
  ai_employees,
  user_profiles,
  organizations
CASCADE;

-- ── 1. 组织 ──
INSERT INTO organizations (id, name, slug, settings) VALUES
  ('a0000000-0000-4000-8000-000000000001', '华栖云传媒集团', 'huaqiyun', '{"plan":"enterprise","maxEmployees":20}');

-- ── 2. 用户（绑定当前 Supabase Auth 用户） ──
-- 注意: 把下面的 id 替换成你在 Supabase Auth 中的实际 user id
INSERT INTO user_profiles (id, organization_id, display_name, role, avatar_url) VALUES
  ('769de19f-59b7-4e84-8ec2-908feac3a3af', 'a0000000-0000-4000-8000-000000000001', '张主编', 'admin', NULL),
  ('b0000000-0000-4000-8000-000000000002', 'a0000000-0000-4000-8000-000000000001', '李编辑', 'editor', NULL),
  ('b0000000-0000-4000-8000-000000000003', 'a0000000-0000-4000-8000-000000000001', '王运营', 'editor', NULL);

-- ── 3. AI 员工（8 个核心 + 1 频道顾问） ──
INSERT INTO ai_employees (id, organization_id, slug, name, nickname, title, motto, role_type, authority_level, status, current_task, tasks_completed, accuracy, avg_response_time, satisfaction, is_preset, disabled, work_preferences) VALUES
  ('e0000000-0000-4000-8000-000000000001', 'a0000000-0000-4000-8000-000000000001', 'xiaolei',  '热点猎手',   '小雷', '热点猎手',   '新闻永远在路上，热点一个不漏', 'perception',  'executor',    'working', '正在监控两会相关热点动态',  347, 0.94, '12s', 0.96, 1, 0, '{"proactivity":"aggressive","reportingFrequency":"realtime","autonomyLevel":85,"communicationStyle":"concise","workingHours":"24/7"}'),
  ('e0000000-0000-4000-8000-000000000002', 'a0000000-0000-4000-8000-000000000001', 'xiaoce',   '选题策划师', '小策', '选题策划师', '好选题是成功的一半',           'analysis',    'advisor',     'working', '正在策划"春季消费趋势"专题',  289, 0.91, '25s', 0.93, 1, 0, '{"proactivity":"balanced","reportingFrequency":"hourly","autonomyLevel":70,"communicationStyle":"detailed","workingHours":"business"}'),
  ('e0000000-0000-4000-8000-000000000003', 'a0000000-0000-4000-8000-000000000001', 'xiaozi',   '素材管家',   '小资', '素材管家',   '每一帧画面都值得被发现',       'knowledge',   'executor',    'idle',    NULL,                          265, 0.97, '8s',  0.95, 1, 0, '{"proactivity":"balanced","reportingFrequency":"hourly","autonomyLevel":60,"communicationStyle":"standard","workingHours":"business"}'),
  ('e0000000-0000-4000-8000-000000000004', 'a0000000-0000-4000-8000-000000000001', 'xiaowen',  '内容创作师', '小文', '内容创作师', '笔下生花，字字珠玑',           'generation',  'executor',    'working', '正在撰写《AI赋能新闻生产》深度报道', 412, 0.89, '45s', 0.91, 1, 0, '{"proactivity":"balanced","reportingFrequency":"hourly","autonomyLevel":65,"communicationStyle":"creative","workingHours":"flexible"}'),
  ('e0000000-0000-4000-8000-000000000005', 'a0000000-0000-4000-8000-000000000001', 'xiaojian', '视频制片人', '小剪', '视频制片人', '用影像讲述最好的故事',         'production',  'executor',    'working', '正在剪辑"城市早餐"系列短视频',  198, 0.92, '60s', 0.90, 1, 0, '{"proactivity":"conservative","reportingFrequency":"hourly","autonomyLevel":50,"communicationStyle":"standard","workingHours":"business"}'),
  ('e0000000-0000-4000-8000-000000000006', 'a0000000-0000-4000-8000-000000000001', 'xiaoshen', '质量审核官', '小审', '质量审核官', '精益求精，守护品质底线',       'management',  'coordinator', 'reviewing', '正在审核3篇待发布稿件',      523, 0.98, '15s', 0.97, 1, 0, '{"proactivity":"conservative","reportingFrequency":"realtime","autonomyLevel":30,"communicationStyle":"detailed","workingHours":"business"}'),
  ('e0000000-0000-4000-8000-000000000007', 'a0000000-0000-4000-8000-000000000001', 'xiaofa',   '渠道运营师', '小发', '渠道运营师', '精准触达每一个受众',           'management',  'executor',    'working', '正在执行微信公众号定时发布任务',  378, 0.93, '20s', 0.94, 1, 0, '{"proactivity":"aggressive","reportingFrequency":"hourly","autonomyLevel":75,"communicationStyle":"concise","workingHours":"24/7"}'),
  ('e0000000-0000-4000-8000-000000000008', 'a0000000-0000-4000-8000-000000000001', 'xiaoshu',  '数据分析师', '小数', '数据分析师', '数据不会说谎',                 'analysis',    'advisor',     'idle',    NULL,                          234, 0.95, '30s', 0.92, 1, 0, '{"proactivity":"balanced","reportingFrequency":"daily","autonomyLevel":60,"communicationStyle":"standard","workingHours":"business"}');

-- ── 4. 技能（28 个内置技能） ──
INSERT INTO skills (id, organization_id, name, category, type, version, description) VALUES
  ('50000000-0000-4000-8000-000000000001', NULL, '全网搜索',     'perception',  'builtin', '3.2', '搜索互联网获取最新信息和热点话题'),
  ('50000000-0000-4000-8000-000000000002', NULL, '趋势监控',     'perception',  'builtin', '2.1', '实时监控30+平台热点趋势变化'),
  ('50000000-0000-4000-8000-000000000003', NULL, '社交聆听',     'perception',  'builtin', '1.8', '监测社交媒体舆情和用户讨论'),
  ('50000000-0000-4000-8000-000000000004', NULL, '新闻聚合',     'perception',  'builtin', '2.0', '聚合多源新闻资讯并去重排序'),
  ('50000000-0000-4000-8000-000000000005', NULL, '情感分析',     'analysis',    'builtin', '2.5', '分析文本情感倾向'),
  ('50000000-0000-4000-8000-000000000006', NULL, '主题提取',     'analysis',    'builtin', '2.0', '从文本中提取核心主题和关键词'),
  ('50000000-0000-4000-8000-000000000007', NULL, '竞品分析',     'analysis',    'builtin', '2.0', '分析竞品内容策略和表现数据'),
  ('50000000-0000-4000-8000-000000000008', NULL, '受众分析',     'analysis',    'builtin', '1.9', '分析目标受众画像、偏好和行为'),
  ('50000000-0000-4000-8000-000000000009', NULL, '事实核查',     'analysis',    'builtin', '3.5', '多源交叉验证事实准确性'),
  ('50000000-0000-4000-8000-000000000010', NULL, '热度评分',     'analysis',    'builtin', '2.1', '基于多维数据计算话题热度指数'),
  ('50000000-0000-4000-8000-000000000011', NULL, '内容生成',     'generation',  'builtin', '4.0', '根据大纲和要求生成高质量内容'),
  ('50000000-0000-4000-8000-000000000012', NULL, '标题生成',     'generation',  'builtin', '2.3', '生成多版本吸引力标题'),
  ('50000000-0000-4000-8000-000000000013', NULL, '摘要生成',     'generation',  'builtin', '2.0', '自动生成文章摘要和提要'),
  ('50000000-0000-4000-8000-000000000014', NULL, '脚本生成',     'generation',  'builtin', '1.8', '生成视频/音频脚本和分镜'),
  ('50000000-0000-4000-8000-000000000015', NULL, '风格改写',     'generation',  'builtin', '2.0', '按指定风格改写内容'),
  ('50000000-0000-4000-8000-000000000016', NULL, '多语翻译',     'generation',  'builtin', '1.5', '支持中英双语互译及本地化'),
  ('50000000-0000-4000-8000-000000000017', NULL, '角度设计',     'generation',  'builtin', '2.5', '基于热点设计多个差异化内容角度'),
  ('50000000-0000-4000-8000-000000000018', NULL, '视频剪辑方案', 'production',  'builtin', '2.8', '生成视频剪辑计划和分镜脚本'),
  ('50000000-0000-4000-8000-000000000019', NULL, '封面生成',     'production',  'builtin', '1.6', '根据内容自动生成封面设计方案'),
  ('50000000-0000-4000-8000-000000000020', NULL, '排版设计',     'production',  'builtin', '1.5', '自动排版和版式设计建议'),
  ('50000000-0000-4000-8000-000000000021', NULL, '音频方案',     'production',  'builtin', '1.3', '配音配乐方案和语音合成计划'),
  ('50000000-0000-4000-8000-000000000022', NULL, '质量审核',     'management',  'builtin', '3.5', '对内容进行全面质量审核评分'),
  ('50000000-0000-4000-8000-000000000023', NULL, '合规检查',     'management',  'builtin', '4.0', '检测政治、法律、伦理敏感内容'),
  ('50000000-0000-4000-8000-000000000024', NULL, '任务规划',     'management',  'builtin', '2.0', '将复杂任务拆解为可执行步骤'),
  ('50000000-0000-4000-8000-000000000025', NULL, '发布策略',     'management',  'builtin', '3.0', '制定多渠道发布时间和策略'),
  ('50000000-0000-4000-8000-000000000026', NULL, '知识检索',     'knowledge',   'builtin', '2.0', '从知识库中检索相关知识片段'),
  ('50000000-0000-4000-8000-000000000027', NULL, '媒资检索',     'knowledge',   'builtin', '3.0', '从媒资库中检索素材'),
  ('50000000-0000-4000-8000-000000000028', NULL, '案例参考',     'knowledge',   'builtin', '1.5', '检索历史爆款案例作为创作参考'),
  ('50000000-0000-4000-8000-000000000029', NULL, '数据报告',     'knowledge',   'builtin', '2.6', '生成数据分析报告，汇总传播数据');

-- ── 5. 员工-技能绑定 ──
-- 小雷: web_search, trend_monitor, social_listening, heat_scoring
INSERT INTO employee_skills (employee_id, skill_id, level, binding_type) VALUES
  ('e0000000-0000-4000-8000-000000000001', '50000000-0000-4000-8000-000000000001', 92, 'core'),
  ('e0000000-0000-4000-8000-000000000001', '50000000-0000-4000-8000-000000000002', 95, 'core'),
  ('e0000000-0000-4000-8000-000000000001', '50000000-0000-4000-8000-000000000003', 88, 'core'),
  ('e0000000-0000-4000-8000-000000000001', '50000000-0000-4000-8000-000000000010', 90, 'core'),
  -- 小策: topic_extraction, angle_design, audience_analysis, task_planning
  ('e0000000-0000-4000-8000-000000000002', '50000000-0000-4000-8000-000000000006', 91, 'core'),
  ('e0000000-0000-4000-8000-000000000002', '50000000-0000-4000-8000-000000000017', 93, 'core'),
  ('e0000000-0000-4000-8000-000000000002', '50000000-0000-4000-8000-000000000008', 85, 'core'),
  ('e0000000-0000-4000-8000-000000000002', '50000000-0000-4000-8000-000000000024', 87, 'core'),
  -- 小资: media_search, knowledge_retrieval, news_aggregation, case_reference
  ('e0000000-0000-4000-8000-000000000003', '50000000-0000-4000-8000-000000000027', 96, 'core'),
  ('e0000000-0000-4000-8000-000000000003', '50000000-0000-4000-8000-000000000026', 94, 'core'),
  ('e0000000-0000-4000-8000-000000000003', '50000000-0000-4000-8000-000000000004', 90, 'core'),
  ('e0000000-0000-4000-8000-000000000003', '50000000-0000-4000-8000-000000000028', 88, 'core'),
  -- 小文: content_generate, headline_generate, style_rewrite, script_generate
  ('e0000000-0000-4000-8000-000000000004', '50000000-0000-4000-8000-000000000011', 94, 'core'),
  ('e0000000-0000-4000-8000-000000000004', '50000000-0000-4000-8000-000000000012', 91, 'core'),
  ('e0000000-0000-4000-8000-000000000004', '50000000-0000-4000-8000-000000000015', 87, 'core'),
  ('e0000000-0000-4000-8000-000000000004', '50000000-0000-4000-8000-000000000014', 83, 'core'),
  -- 小剪: video_edit_plan, thumbnail_generate, layout_design, audio_plan
  ('e0000000-0000-4000-8000-000000000005', '50000000-0000-4000-8000-000000000018', 93, 'core'),
  ('e0000000-0000-4000-8000-000000000005', '50000000-0000-4000-8000-000000000019', 89, 'core'),
  ('e0000000-0000-4000-8000-000000000005', '50000000-0000-4000-8000-000000000020', 85, 'core'),
  ('e0000000-0000-4000-8000-000000000005', '50000000-0000-4000-8000-000000000021', 80, 'core'),
  -- 小审: quality_review, compliance_check, fact_check, sentiment_analysis
  ('e0000000-0000-4000-8000-000000000006', '50000000-0000-4000-8000-000000000022', 97, 'core'),
  ('e0000000-0000-4000-8000-000000000006', '50000000-0000-4000-8000-000000000023', 96, 'core'),
  ('e0000000-0000-4000-8000-000000000006', '50000000-0000-4000-8000-000000000009', 94, 'core'),
  ('e0000000-0000-4000-8000-000000000006', '50000000-0000-4000-8000-000000000005', 90, 'core'),
  -- 小发: publish_strategy, style_rewrite, translation, audience_analysis
  ('e0000000-0000-4000-8000-000000000007', '50000000-0000-4000-8000-000000000025', 92, 'core'),
  ('e0000000-0000-4000-8000-000000000007', '50000000-0000-4000-8000-000000000015', 88, 'core'),
  ('e0000000-0000-4000-8000-000000000007', '50000000-0000-4000-8000-000000000016', 82, 'core'),
  ('e0000000-0000-4000-8000-000000000007', '50000000-0000-4000-8000-000000000008', 86, 'core'),
  -- 小数: data_report, competitor_analysis, audience_analysis, heat_scoring
  ('e0000000-0000-4000-8000-000000000008', '50000000-0000-4000-8000-000000000029', 95, 'core'),
  ('e0000000-0000-4000-8000-000000000008', '50000000-0000-4000-8000-000000000007', 91, 'core'),
  ('e0000000-0000-4000-8000-000000000008', '50000000-0000-4000-8000-000000000008', 88, 'core'),
  ('e0000000-0000-4000-8000-000000000008', '50000000-0000-4000-8000-000000000010', 86, 'core');

-- ── 6. 知识库 ──
INSERT INTO knowledge_bases (id, organization_id, name, description, type, document_count, vectorization_status, chunk_count, source_type, last_sync_at) VALUES
  ('c1000000-0000-4000-8000-000000000001', 'a0000000-0000-4000-8000-000000000001', '新闻写作规范',     '包含AP、新华社等新闻写作标准和规范文档', 'style_guide', 45, 'done', 892, 'upload', NOW() - INTERVAL '2 hours'),
  ('c1000000-0000-4000-8000-000000000002', 'a0000000-0000-4000-8000-000000000001', '行业术语库',       '媒体、科技、财经等行业专业术语及解释',    'terminology', 128, 'done', 3240, 'upload', NOW() - INTERVAL '1 day'),
  ('c1000000-0000-4000-8000-000000000003', 'a0000000-0000-4000-8000-000000000001', '历史爆款案例库',   '过去6个月阅读量超10万的爆款内容分析',     'case_library', 89, 'done', 1567, 'cms', NOW() - INTERVAL '6 hours'),
  ('c1000000-0000-4000-8000-000000000004', 'a0000000-0000-4000-8000-000000000001', '频道定位手册',     '各频道调性、受众画像、内容偏好指南',      'channel_guide', 12, 'done', 340, 'upload', NOW() - INTERVAL '3 days'),
  ('c1000000-0000-4000-8000-000000000005', 'a0000000-0000-4000-8000-000000000001', '政策法规速查',     '最新广告法、版权法、网信办规定速查手册',  'compliance', 67, 'done', 1890, 'subscription', NOW() - INTERVAL '30 minutes');

-- ── 7. 员工-知识库绑定 ──
INSERT INTO employee_knowledge_bases (employee_id, knowledge_base_id) VALUES
  ('e0000000-0000-4000-8000-000000000004', 'c1000000-0000-4000-8000-000000000001'),
  ('e0000000-0000-4000-8000-000000000004', 'c1000000-0000-4000-8000-000000000003'),
  ('e0000000-0000-4000-8000-000000000006', 'c1000000-0000-4000-8000-000000000001'),
  ('e0000000-0000-4000-8000-000000000006', 'c1000000-0000-4000-8000-000000000005'),
  ('e0000000-0000-4000-8000-000000000007', 'c1000000-0000-4000-8000-000000000004'),
  ('e0000000-0000-4000-8000-000000000003', 'c1000000-0000-4000-8000-000000000002'),
  ('e0000000-0000-4000-8000-000000000003', 'c1000000-0000-4000-8000-000000000003');

-- ── 8. 团队 ──
INSERT INTO teams (id, organization_id, name, scenario, rules) VALUES
  ('10000000-0000-4000-8000-000000000001', 'a0000000-0000-4000-8000-000000000001', '快讯突击队', 'breaking_news', '{"approvalRequired":false,"reportFrequency":"realtime","sensitiveTopics":["政治","灾害","军事"],"approvalSteps":["xiaoshen"]}'),
  ('10000000-0000-4000-8000-000000000002', 'a0000000-0000-4000-8000-000000000001', '深度报道组', 'deep_report',   '{"approvalRequired":true,"reportFrequency":"hourly","sensitiveTopics":["政治","财经","法律"],"approvalSteps":["xiaoshen","张主编"]}'),
  ('10000000-0000-4000-8000-000000000003', 'a0000000-0000-4000-8000-000000000001', '新媒体运营团', 'social_media', '{"approvalRequired":true,"reportFrequency":"daily","sensitiveTopics":["敏感人物","争议话题"],"approvalSteps":["xiaoshen"]}');

-- ── 9. 团队成员 ──
INSERT INTO team_members (team_id, member_type, ai_employee_id, user_id, display_name, team_role) VALUES
  -- 快讯突击队
  ('10000000-0000-4000-8000-000000000001', 'ai', 'e0000000-0000-4000-8000-000000000001', NULL, '小雷', '热点发现'),
  ('10000000-0000-4000-8000-000000000001', 'ai', 'e0000000-0000-4000-8000-000000000002', NULL, '小策', '快速选题'),
  ('10000000-0000-4000-8000-000000000001', 'ai', 'e0000000-0000-4000-8000-000000000004', NULL, '小文', '快速成稿'),
  ('10000000-0000-4000-8000-000000000001', 'ai', 'e0000000-0000-4000-8000-000000000006', NULL, '小审', '质量把关'),
  ('10000000-0000-4000-8000-000000000001', 'ai', 'e0000000-0000-4000-8000-000000000007', NULL, '小发', '即时发布'),
  -- 深度报道组
  ('10000000-0000-4000-8000-000000000002', 'ai', 'e0000000-0000-4000-8000-000000000001', NULL, '小雷', '选题线索'),
  ('10000000-0000-4000-8000-000000000002', 'ai', 'e0000000-0000-4000-8000-000000000002', NULL, '小策', '深度策划'),
  ('10000000-0000-4000-8000-000000000002', 'ai', 'e0000000-0000-4000-8000-000000000003', NULL, '小资', '资料调研'),
  ('10000000-0000-4000-8000-000000000002', 'ai', 'e0000000-0000-4000-8000-000000000004', NULL, '小文', '深度撰稿'),
  ('10000000-0000-4000-8000-000000000002', 'ai', 'e0000000-0000-4000-8000-000000000006', NULL, '小审', '终审把关'),
  ('10000000-0000-4000-8000-000000000002', 'ai', 'e0000000-0000-4000-8000-000000000008', NULL, '小数', '数据支撑'),
  ('10000000-0000-4000-8000-000000000002', 'human', NULL, '769de19f-59b7-4e84-8ec2-908feac3a3af', '张主编', '主编（审批者）'),
  -- 新媒体运营团
  ('10000000-0000-4000-8000-000000000003', 'ai', 'e0000000-0000-4000-8000-000000000001', NULL, '小雷', '热点捕捉'),
  ('10000000-0000-4000-8000-000000000003', 'ai', 'e0000000-0000-4000-8000-000000000002', NULL, '小策', '内容策划'),
  ('10000000-0000-4000-8000-000000000003', 'ai', 'e0000000-0000-4000-8000-000000000003', NULL, '小资', '素材管理'),
  ('10000000-0000-4000-8000-000000000003', 'ai', 'e0000000-0000-4000-8000-000000000004', NULL, '小文', '图文创作'),
  ('10000000-0000-4000-8000-000000000003', 'ai', 'e0000000-0000-4000-8000-000000000005', NULL, '小剪', '短视频制作'),
  ('10000000-0000-4000-8000-000000000003', 'ai', 'e0000000-0000-4000-8000-000000000006', NULL, '小审', '内容审核'),
  ('10000000-0000-4000-8000-000000000003', 'ai', 'e0000000-0000-4000-8000-000000000007', NULL, '小发', '全渠道分发'),
  ('10000000-0000-4000-8000-000000000003', 'ai', 'e0000000-0000-4000-8000-000000000008', NULL, '小数', '效果复盘');

-- ── 10. 工作流模板 ──
INSERT INTO workflow_templates (id, organization_id, name, description, steps) VALUES
  ('02000000-0000-4000-8000-000000000001', 'a0000000-0000-4000-8000-000000000001', '标准新闻生产流程', '从热点发现到渠道发布的完整8步流程',
   '[{"key":"monitor","label":"热点监控","employeeSlug":"xiaolei","order":1},{"key":"plan","label":"选题策划","employeeSlug":"xiaoce","order":2},{"key":"material","label":"素材准备","employeeSlug":"xiaozi","order":3},{"key":"create","label":"内容创作","employeeSlug":"xiaowen","order":4},{"key":"produce","label":"视频制作","employeeSlug":"xiaojian","order":5},{"key":"review","label":"质量审核","employeeSlug":"xiaoshen","order":6},{"key":"publish","label":"渠道发布","employeeSlug":"xiaofa","order":7},{"key":"analyze","label":"数据分析","employeeSlug":"xiaoshu","order":8}]'),
  ('02000000-0000-4000-8000-000000000002', 'a0000000-0000-4000-8000-000000000001', '快讯速报流程', '4步快速出稿流程，15分钟内完成',
   '[{"key":"monitor","label":"热点监控","employeeSlug":"xiaolei","order":1},{"key":"create","label":"快速成稿","employeeSlug":"xiaowen","order":2},{"key":"review","label":"自动审核","employeeSlug":"xiaoshen","order":3},{"key":"publish","label":"即时发布","employeeSlug":"xiaofa","order":4}]'),
  ('02000000-0000-4000-8000-000000000003', 'a0000000-0000-4000-8000-000000000001', '深度报道流程', '带人工审批的深度内容生产流程',
   '[{"key":"monitor","label":"线索发现","employeeSlug":"xiaolei","order":1},{"key":"plan","label":"深度策划","employeeSlug":"xiaoce","order":2},{"key":"material","label":"资料调研","employeeSlug":"xiaozi","order":3},{"key":"create","label":"深度撰稿","employeeSlug":"xiaowen","order":4},{"key":"review","label":"三审把关","employeeSlug":"xiaoshen","order":5},{"key":"publish","label":"精准发布","employeeSlug":"xiaofa","order":6},{"key":"analyze","label":"效果追踪","employeeSlug":"xiaoshu","order":7}]');

-- ── 11. 工作流实例（3 条运行中/已完成的工作流） ──
INSERT INTO workflow_instances (id, team_id, template_id, topic_id, topic_title, status, current_step_key, token_budget, tokens_used, started_at, estimated_completion) VALUES
  ('01000000-0000-4000-8000-000000000001', '10000000-0000-4000-8000-000000000003', '02000000-0000-4000-8000-000000000001', 'topic-001', '两会热点：新质生产力如何重塑中国经济', 'active', 'create', 100000, 34500, NOW() - INTERVAL '3 hours', NOW() + INTERVAL '2 hours'),
  ('01000000-0000-4000-8000-000000000002', '10000000-0000-4000-8000-000000000001', '02000000-0000-4000-8000-000000000002', 'topic-002', '苹果发布Vision Pro国行版 售价29999元', 'active', 'review', 50000, 18200, NOW() - INTERVAL '25 minutes', NOW() + INTERVAL '10 minutes'),
  ('01000000-0000-4000-8000-000000000003', '10000000-0000-4000-8000-000000000002', '02000000-0000-4000-8000-000000000003', 'topic-003', '春季消费趋势深度观察：Z世代消费新图景', 'completed', NULL, 100000, 87600, NOW() - INTERVAL '2 days', NULL);
UPDATE workflow_instances SET completed_at = NOW() - INTERVAL '1 day' WHERE id = '01000000-0000-4000-8000-000000000003';

-- ── 12. 工作流步骤 ──
-- 工作流1: 两会热点（当前在 create 步骤）
INSERT INTO workflow_steps (id, workflow_instance_id, key, label, employee_id, step_order, status, progress, output, started_at, completed_at) VALUES
  ('03000001-0000-4000-8000-000000000001', '01000000-0000-4000-8000-000000000001', 'monitor',  '热点监控', 'e0000000-0000-4000-8000-000000000001', 1, 'completed', 100, '已识别12个两会相关热点话题，其中3个为P0级别', NOW() - INTERVAL '3 hours', NOW() - INTERVAL '2 hours 45 minutes'),
  ('03000001-0000-4000-8000-000000000002', '01000000-0000-4000-8000-000000000001', 'plan',     '选题策划', 'e0000000-0000-4000-8000-000000000002', 2, 'completed', 100, '确定角度：新质生产力×传统产业转型，预估阅读量15万+', NOW() - INTERVAL '2 hours 45 minutes', NOW() - INTERVAL '2 hours 20 minutes'),
  ('03000001-0000-4000-8000-000000000003', '01000000-0000-4000-8000-000000000001', 'material', '素材准备', 'e0000000-0000-4000-8000-000000000003', 3, 'completed', 100, '已收集政府工作报告原文、专家解读视频5段、数据图表8张', NOW() - INTERVAL '2 hours 20 minutes', NOW() - INTERVAL '1 hour 50 minutes'),
  ('03000001-0000-4000-8000-000000000004', '01000000-0000-4000-8000-000000000001', 'create',   '内容创作', 'e0000000-0000-4000-8000-000000000004', 4, 'active',    65,  NULL, NOW() - INTERVAL '1 hour 50 minutes', NULL),
  ('03000001-0000-4000-8000-000000000005', '01000000-0000-4000-8000-000000000001', 'produce',  '视频制作', 'e0000000-0000-4000-8000-000000000005', 5, 'pending',   0,   NULL, NULL, NULL),
  ('03000001-0000-4000-8000-000000000006', '01000000-0000-4000-8000-000000000001', 'review',   '质量审核', 'e0000000-0000-4000-8000-000000000006', 6, 'pending',   0,   NULL, NULL, NULL),
  ('03000001-0000-4000-8000-000000000007', '01000000-0000-4000-8000-000000000001', 'publish',  '渠道发布', 'e0000000-0000-4000-8000-000000000007', 7, 'pending',   0,   NULL, NULL, NULL),
  ('03000001-0000-4000-8000-000000000008', '01000000-0000-4000-8000-000000000001', 'analyze',  '数据分析', 'e0000000-0000-4000-8000-000000000008', 8, 'pending',   0,   NULL, NULL, NULL);

-- 工作流2: Vision Pro 快讯（当前在 review）
INSERT INTO workflow_steps (id, workflow_instance_id, key, label, employee_id, step_order, status, progress, output, started_at, completed_at) VALUES
  ('03000002-0000-4000-8000-000000000001', '01000000-0000-4000-8000-000000000002', 'monitor', '热点监控', 'e0000000-0000-4000-8000-000000000001', 1, 'completed', 100, '苹果官网更新，多家科技媒体同步报道', NOW() - INTERVAL '25 minutes', NOW() - INTERVAL '20 minutes'),
  ('03000002-0000-4000-8000-000000000002', '01000000-0000-4000-8000-000000000002', 'create',  '快速成稿', 'e0000000-0000-4000-8000-000000000004', 2, 'completed', 100, '800字快讯已完成，包含价格对比和购买渠道信息', NOW() - INTERVAL '20 minutes', NOW() - INTERVAL '10 minutes'),
  ('03000002-0000-4000-8000-000000000003', '01000000-0000-4000-8000-000000000002', 'review',  '自动审核', 'e0000000-0000-4000-8000-000000000006', 3, 'active',    80,  NULL, NOW() - INTERVAL '10 minutes', NULL),
  ('03000002-0000-4000-8000-000000000004', '01000000-0000-4000-8000-000000000002', 'publish', '即时发布', 'e0000000-0000-4000-8000-000000000007', 4, 'pending',   0,   NULL, NULL, NULL);

-- 工作流3: 春季消费趋势（已完成）
INSERT INTO workflow_steps (id, workflow_instance_id, key, label, employee_id, step_order, status, progress, output, started_at, completed_at) VALUES
  ('03000003-0000-4000-8000-000000000001', '01000000-0000-4000-8000-000000000003', 'monitor',  '线索发现', 'e0000000-0000-4000-8000-000000000001', 1, 'completed', 100, '消费数据报告+电商平台趋势综合分析', NOW() - INTERVAL '2 days', NOW() - INTERVAL '47 hours'),
  ('03000003-0000-4000-8000-000000000002', '01000000-0000-4000-8000-000000000003', 'plan',     '深度策划', 'e0000000-0000-4000-8000-000000000002', 2, 'completed', 100, '三段式结构：宏观数据→品类拆解→人群画像', NOW() - INTERVAL '47 hours', NOW() - INTERVAL '45 hours'),
  ('03000003-0000-4000-8000-000000000003', '01000000-0000-4000-8000-000000000003', 'material', '资料调研', 'e0000000-0000-4000-8000-000000000003', 3, 'completed', 100, '国家统计局数据、京东消费指数、小红书趋势词', NOW() - INTERVAL '45 hours', NOW() - INTERVAL '40 hours'),
  ('03000003-0000-4000-8000-000000000004', '01000000-0000-4000-8000-000000000003', 'create',   '深度撰稿', 'e0000000-0000-4000-8000-000000000004', 4, 'completed', 100, '4200字深度报道已完成，含6张数据可视化图', NOW() - INTERVAL '40 hours', NOW() - INTERVAL '32 hours'),
  ('03000003-0000-4000-8000-000000000005', '01000000-0000-4000-8000-000000000003', 'review',   '三审把关', 'e0000000-0000-4000-8000-000000000006', 5, 'completed', 100, '审核评分92分，已修正2处数据引用格式', NOW() - INTERVAL '32 hours', NOW() - INTERVAL '30 hours'),
  ('03000003-0000-4000-8000-000000000006', '01000000-0000-4000-8000-000000000003', 'publish',  '精准发布', 'e0000000-0000-4000-8000-000000000007', 6, 'completed', 100, '已发布至微信公众号、头条号、百家号', NOW() - INTERVAL '30 hours', NOW() - INTERVAL '29 hours'),
  ('03000003-0000-4000-8000-000000000007', '01000000-0000-4000-8000-000000000003', 'analyze',  '效果追踪', 'e0000000-0000-4000-8000-000000000008', 7, 'completed', 100, '48小时数据：总阅读18.7万，互动率4.2%，分享率2.8%', NOW() - INTERVAL '29 hours', NOW() - INTERVAL '1 day');

-- ── 13. 团队消息（最近对话） ──
INSERT INTO team_messages (id, team_id, sender_type, ai_employee_id, user_id, workflow_instance_id, workflow_step_key, type, content, actions, attachments, created_at) VALUES
  ('d0000000-0000-4000-8000-000000000001', '10000000-0000-4000-8000-000000000003', 'ai', 'e0000000-0000-4000-8000-000000000001', NULL, '01000000-0000-4000-8000-000000000001', 'monitor', 'alert',
   '🔥 P0级热点发现！"新质生产力"连续3天登上微博热搜TOP5，今日政府工作报告再次重点提及。建议立即启动深度报道流程。当前热度指数：9.2/10，呈持续上升趋势。',
   '[{"label":"立即启动","variant":"primary"},{"label":"加入选题池","variant":"default"}]',
   '[{"type":"topic_card","title":"新质生产力重塑中国经济","description":"热度9.2 | 微博、抖音、百度多平台爆发"}]',
   NOW() - INTERVAL '3 hours'),

  ('d0000000-0000-4000-8000-000000000002', '10000000-0000-4000-8000-000000000003', 'ai', 'e0000000-0000-4000-8000-000000000002', NULL, '01000000-0000-4000-8000-000000000001', 'plan', 'status_update',
   '选题策划完成！建议角度：「新质生产力×传统产业转型」，目标受众为25-45岁关注经济政策的用户群体。已规划图文+短视频双版本产出，预估微信阅读量15万+。',
   NULL,
   '[{"type":"draft_preview","title":"选题策划方案","description":"3个差异化角度，含竞品分析和受众定位"}]',
   NOW() - INTERVAL '2 hours 30 minutes'),

  ('d0000000-0000-4000-8000-000000000003', '10000000-0000-4000-8000-000000000003', 'ai', 'e0000000-0000-4000-8000-000000000004', NULL, '01000000-0000-4000-8000-000000000001', 'create', 'status_update',
   '正在撰写深度报道《新质生产力如何重塑中国经济》，当前进度65%。已完成前三章节（2800字），正在撰写"地方实践案例"章节。预计还需40分钟完稿。',
   NULL, NULL,
   NOW() - INTERVAL '30 minutes'),

  ('d0000000-0000-4000-8000-000000000004', '10000000-0000-4000-8000-000000000001', 'ai', 'e0000000-0000-4000-8000-000000000001', NULL, '01000000-0000-4000-8000-000000000002', 'monitor', 'alert',
   '⚡ 快讯：苹果官网已更新Vision Pro国行版页面，售价29999元起，6月28日正式发售。各大科技媒体正在同步报道，建议抢先发布。',
   '[{"label":"启动快讯","variant":"primary"},{"label":"稍后处理","variant":"default"}]',
   NULL,
   NOW() - INTERVAL '25 minutes'),

  ('d0000000-0000-4000-8000-000000000005', '10000000-0000-4000-8000-000000000001', 'ai', 'e0000000-0000-4000-8000-000000000006', NULL, '01000000-0000-4000-8000-000000000002', 'review', 'decision_request',
   '快讯审核进行中（80%），初步评分88分。发现1处需确认：文中引用的"首批30个城市"数据需核实来源。其余内容符合发布标准。',
   '[{"label":"确认发布","variant":"primary"},{"label":"退回修改","variant":"destructive"}]',
   NULL,
   NOW() - INTERVAL '5 minutes'),

  ('d0000000-0000-4000-8000-000000000006', '10000000-0000-4000-8000-000000000003', 'ai', 'e0000000-0000-4000-8000-000000000008', NULL, NULL, NULL, 'work_output',
   '📊 昨日数据日报已生成：总发布12篇，总阅读量45.3万，平均互动率3.8%（较前日+0.5%）。表现最佳：《春季消费趋势》微信阅读18.7万。建议今日重点跟进两会相关内容。',
   NULL,
   '[{"type":"chart","title":"7日数据趋势","description":"阅读量、互动率、粉丝增长三线图"}]',
   NOW() - INTERVAL '6 hours'),

  ('d0000000-0000-4000-8000-000000000007', '10000000-0000-4000-8000-000000000003', 'ai', 'e0000000-0000-4000-8000-000000000007', NULL, NULL, NULL, 'status_update',
   '全渠道发布状态更新：今日已发布8篇内容至5个渠道。微信公众号定时发布任务已设置（明早8:00推送两会专题）。抖音短视频3条已进入审核队列。',
   NULL, NULL,
   NOW() - INTERVAL '2 hours'),

  ('d0000000-0000-4000-8000-000000000008', '10000000-0000-4000-8000-000000000002', 'human', NULL, '769de19f-59b7-4e84-8ec2-908feac3a3af', NULL, NULL, 'status_update',
   '各位辛苦了！春季消费趋势那篇效果很好，数据扎实、角度新颖。两会专题也要保持这个质量水准，注意时效性，争取第一时间跟进重要议题。',
   NULL, NULL,
   NOW() - INTERVAL '4 hours');

-- ── 14. 栏目分类 ──
INSERT INTO categories (id, organization_id, name, slug, description, parent_id, level, sort_order) VALUES
  ('c0000000-0000-4000-8000-000000000001', 'a0000000-0000-4000-8000-000000000001', '时政要闻', 'politics',    '国内外重要时政新闻',      NULL, 0, 1),
  ('c0000000-0000-4000-8000-000000000002', 'a0000000-0000-4000-8000-000000000001', '财经观察', 'finance',     '财经分析与市场动态',      NULL, 0, 2),
  ('c0000000-0000-4000-8000-000000000003', 'a0000000-0000-4000-8000-000000000001', '科技前沿', 'tech',        'AI、芯片、互联网最新动态', NULL, 0, 3),
  ('c0000000-0000-4000-8000-000000000004', 'a0000000-0000-4000-8000-000000000001', '文化生活', 'culture',     '文化、教育、社会民生',    NULL, 0, 4),
  ('c0000000-0000-4000-8000-000000000005', 'a0000000-0000-4000-8000-000000000001', '体育赛事', 'sports',      '体育赛事报道与分析',      NULL, 0, 5),
  ('c0000000-0000-4000-8000-000000000006', 'a0000000-0000-4000-8000-000000000001', '两会专题', 'lianghui',    '全国两会报道专题',        'c0000000-0000-4000-8000-000000000001', 1, 1),
  ('c0000000-0000-4000-8000-000000000007', 'a0000000-0000-4000-8000-000000000001', '消费趋势', 'consumption', '消费市场分析与趋势',      'c0000000-0000-4000-8000-000000000002', 1, 1),
  ('c0000000-0000-4000-8000-000000000008', 'a0000000-0000-4000-8000-000000000001', 'AI应用',   'ai-apps',     '人工智能应用与产业',      'c0000000-0000-4000-8000-000000000003', 1, 1);

-- ── 15. 媒资素材 ──
INSERT INTO media_assets (id, organization_id, title, type, description, file_size, file_size_display, duration, duration_seconds, source, tags, understanding_status, understanding_progress, total_tags, category_id, usage_count, created_at) VALUES
  ('da000000-0000-4000-8000-000000000001', 'a0000000-0000-4000-8000-000000000001', '2024政府工作报告全文朗读', 'video', '两会政府工作报告官方发布视频', 524288000, '500MB', '01:32:15', 5535, '新华社', '["两会","政府工作报告","新质生产力","经济"]', 'completed', 100, 42, 'c0000000-0000-4000-8000-000000000006', 8, NOW() - INTERVAL '5 days'),
  ('da000000-0000-4000-8000-000000000002', 'a0000000-0000-4000-8000-000000000001', '新质生产力专家访谈集锦',   'video', '多位经济学家解读新质生产力',   209715200, '200MB', '00:45:20', 2720, '央视财经', '["新质生产力","专家","经济","访谈"]', 'completed', 100, 28, 'c0000000-0000-4000-8000-000000000006', 5, NOW() - INTERVAL '3 days'),
  ('da000000-0000-4000-8000-000000000003', 'a0000000-0000-4000-8000-000000000001', 'Vision Pro产品发布会',     'video', '苹果WWDC24 Vision Pro发布环节', 157286400, '150MB', '00:28:45', 1725, 'Apple', '["苹果","VisionPro","MR","头显"]', 'completed', 100, 35, 'c0000000-0000-4000-8000-000000000008', 3, NOW() - INTERVAL '1 day'),
  ('da000000-0000-4000-8000-000000000004', 'a0000000-0000-4000-8000-000000000001', '春季消费数据图表合集',     'image', '国家统计局2024Q1消费数据可视化', 5242880, '5MB', NULL, NULL, '国家统计局', '["消费","数据","统计","2024Q1"]', 'completed', 100, 12, 'c0000000-0000-4000-8000-000000000007', 12, NOW() - INTERVAL '4 days'),
  ('da000000-0000-4000-8000-000000000005', 'a0000000-0000-4000-8000-000000000001', '城市早餐系列-杭州篇原始素材', 'video', '杭州特色早餐文化纪录片原始素材', 1073741824, '1GB', '02:15:30', 8130, '自拍', '["杭州","早餐","美食","纪录片","城市"]', 'completed', 100, 56, 'c0000000-0000-4000-8000-000000000004', 4, NOW() - INTERVAL '7 days'),
  ('da000000-0000-4000-8000-000000000006', 'a0000000-0000-4000-8000-000000000001', 'Z世代消费调研报告PDF',     'document', '某咨询机构Z世代消费行为深度调研', 8388608, '8MB', NULL, NULL, '麦肯锡', '["Z世代","消费","报告","调研"]', 'completed', 100, 8, 'c0000000-0000-4000-8000-000000000007', 6, NOW() - INTERVAL '10 days'),
  ('da000000-0000-4000-8000-000000000007', 'a0000000-0000-4000-8000-000000000001', '两会代表委员采访音频',     'audio', '10位代表委员关于民生话题的采访录音', 52428800, '50MB', '01:05:00', 3900, '人民日报', '["两会","采访","民生","代表委员"]', 'processing', 65, 18, 'c0000000-0000-4000-8000-000000000006', 2, NOW() - INTERVAL '2 days'),
  ('da000000-0000-4000-8000-000000000008', 'a0000000-0000-4000-8000-000000000001', 'CBA全明星赛精彩集锦',      'video', 'CBA全明星赛精彩扣篮和关键球集锦', 314572800, '300MB', '00:12:30', 750, '腾讯体育', '["CBA","篮球","全明星","扣篮"]', 'completed', 100, 22, 'c0000000-0000-4000-8000-000000000005', 7, NOW() - INTERVAL '6 days');

-- ── 16. 稿件/文章 ──
INSERT INTO articles (id, organization_id, title, subtitle, body, summary, media_type, status, priority, category_id, assignee_id, team_id, tags, word_count, version, published_at, workflow_instance_id, created_at, updated_at) VALUES
  ('a2000000-0000-4000-8000-000000000001', 'a0000000-0000-4000-8000-000000000001', '新质生产力如何重塑中国经济：从概念到实践的深度观察', '两会系列报道之一', '正在撰写中...', '本文深入分析新质生产力概念提出以来的政策脉络、产业实践和未来展望', 'article', 'draft', 'P0', 'c0000000-0000-4000-8000-000000000006', 'e0000000-0000-4000-8000-000000000004', '10000000-0000-4000-8000-000000000003', '["两会","新质生产力","经济","深度"]', 2800, 1, NULL, '01000000-0000-4000-8000-000000000001', NOW() - INTERVAL '2 hours', NOW() - INTERVAL '30 minutes'),
  ('a2000000-0000-4000-8000-000000000002', 'a0000000-0000-4000-8000-000000000001', '苹果Vision Pro国行版发布：29999元起，6月28日开售', NULL, '苹果公司今日正式宣布Vision Pro国行版将于6月28日在中国大陆开售...', '苹果Vision Pro国行版定价29999元起，支持30个城市线下体验', 'article', 'reviewing', 'P0', 'c0000000-0000-4000-8000-000000000008', 'e0000000-0000-4000-8000-000000000004', '10000000-0000-4000-8000-000000000001', '["苹果","VisionPro","科技","快讯"]', 800, 1, NULL, '01000000-0000-4000-8000-000000000002', NOW() - INTERVAL '20 minutes', NOW() - INTERVAL '10 minutes'),
  ('a2000000-0000-4000-8000-000000000003', 'a0000000-0000-4000-8000-000000000001', '春季消费趋势深度观察：Z世代消费新图景', '消费观察系列', '2024年春季，中国消费市场正在经历一场静悄悄的革命。Z世代（1995-2010年出生）已成为消费市场的核心驱动力...', '从国潮崛起到体验经济，Z世代正在重新定义中国消费市场', 'article', 'published', 'P1', 'c0000000-0000-4000-8000-000000000007', 'e0000000-0000-4000-8000-000000000004', '10000000-0000-4000-8000-000000000002', '["消费","Z世代","趋势","深度报道"]', 4200, 3, NOW() - INTERVAL '30 hours', '01000000-0000-4000-8000-000000000003', NOW() - INTERVAL '2 days', NOW() - INTERVAL '30 hours'),
  ('a2000000-0000-4000-8000-000000000004', 'a0000000-0000-4000-8000-000000000001', '城市早餐图鉴：杭州篇——从片儿川到葱包桧的烟火气', '城市早餐系列第3期', '清晨六点的杭州，雾气还未散去...', '从南宋御街到武林路，探寻杭州早餐文化的前世今生', 'article', 'approved', 'P1', 'c0000000-0000-4000-8000-000000000004', 'e0000000-0000-4000-8000-000000000004', '10000000-0000-4000-8000-000000000003', '["杭州","美食","城市文化","生活方式"]', 3500, 2, NULL, NULL, NOW() - INTERVAL '1 day', NOW() - INTERVAL '8 hours'),
  ('a2000000-0000-4000-8000-000000000005', 'a0000000-0000-4000-8000-000000000001', 'AI Agent 2024：从ChatGPT到自主智能体的技术跃迁', NULL, 'OpenAI的GPT-4o、Google的Gemini、Anthropic的Claude 3.5...', '梳理2024年AI Agent技术突破和产业应用进展', 'article', 'published', 'P1', 'c0000000-0000-4000-8000-000000000008', 'e0000000-0000-4000-8000-000000000004', '10000000-0000-4000-8000-000000000002', '["AI","Agent","GPT","技术"]', 5600, 4, NOW() - INTERVAL '5 days', NULL, NOW() - INTERVAL '8 days', NOW() - INTERVAL '5 days'),
  ('a2000000-0000-4000-8000-000000000006', 'a0000000-0000-4000-8000-000000000001', 'CBA全明星赛：新生代球星闪耀，联赛商业化加速', NULL, '2024CBA全明星赛在厦门落幕...', 'CBA全明星赛精彩回顾及联赛商业化发展分析', 'article', 'published', 'P2', 'c0000000-0000-4000-8000-000000000005', 'e0000000-0000-4000-8000-000000000004', '10000000-0000-4000-8000-000000000003', '["CBA","篮球","体育","商业"]', 2800, 2, NOW() - INTERVAL '6 days', NULL, NOW() - INTERVAL '7 days', NOW() - INTERVAL '6 days'),
  ('a2000000-0000-4000-8000-000000000007', 'a0000000-0000-4000-8000-000000000001', '两会民生热点：教育、医疗、养老三大领域代表提案梳理', NULL, NULL, '代表委员重点关注的民生话题和提案建议汇总', 'article', 'draft', 'P0', 'c0000000-0000-4000-8000-000000000006', 'e0000000-0000-4000-8000-000000000004', '10000000-0000-4000-8000-000000000003', '["两会","民生","教育","医疗","养老"]', 1200, 1, NULL, NULL, NOW() - INTERVAL '5 hours', NOW() - INTERVAL '5 hours'),
  ('a2000000-0000-4000-8000-000000000008', 'a0000000-0000-4000-8000-000000000001', '短视频行业2024年Q1数据报告：抖音日活突破8亿', NULL, NULL, '各平台短视频数据对比分析', 'article', 'reviewing', 'P1', 'c0000000-0000-4000-8000-000000000003', 'e0000000-0000-4000-8000-000000000004', '10000000-0000-4000-8000-000000000003', '["短视频","抖音","数据","行业报告"]', 3200, 1, NULL, NULL, NOW() - INTERVAL '10 hours', NOW() - INTERVAL '8 hours');

-- ── 17. 热点话题 ──
INSERT INTO hot_topics (id, organization_id, title, priority, heat_score, trend, source, category, summary, heat_curve, platforms, discovered_at) VALUES
  ('41000000-0000-4000-8000-000000000001', 'a0000000-0000-4000-8000-000000000001', '新质生产力写入政府工作报告', 'P0', 9.5, 'surging', '新华社/微博热搜', '时政', '政府工作报告首次将"新质生产力"列为2024年十大重点工作任务之首', '[{"time":"06:00","value":3.2},{"time":"08:00","value":5.8},{"time":"10:00","value":7.5},{"time":"12:00","value":8.9},{"time":"14:00","value":9.2},{"time":"16:00","value":9.5}]', '["微博","抖音","百度","头条","微信"]', NOW() - INTERVAL '8 hours'),
  ('41000000-0000-4000-8000-000000000002', 'a0000000-0000-4000-8000-000000000001', 'Vision Pro国行版定价29999元', 'P0', 8.8, 'surging', '苹果官网', '科技', '苹果Vision Pro国行版正式公布价格和发售日期，引发科技圈热议', '[{"time":"10:00","value":2.0},{"time":"11:00","value":5.5},{"time":"12:00","value":7.8},{"time":"13:00","value":8.5},{"time":"14:00","value":8.8}]', '["微博","知乎","B站","数码论坛"]', NOW() - INTERVAL '3 hours'),
  ('41000000-0000-4000-8000-000000000003', 'a0000000-0000-4000-8000-000000000001', '央行降准0.5个百分点释放万亿流动性', 'P0', 8.2, 'rising', '央行公告', '财经', '中国人民银行宣布下调存款准备金率0.5个百分点，预计释放长期流动性约1万亿', '[{"time":"09:00","value":4.0},{"time":"10:00","value":6.2},{"time":"11:00","value":7.5},{"time":"12:00","value":8.0},{"time":"14:00","value":8.2}]', '["微博","头条","财经网站"]', NOW() - INTERVAL '6 hours'),
  ('41000000-0000-4000-8000-000000000004', 'a0000000-0000-4000-8000-000000000001', 'Sora文生视频模型开放API', 'P1', 7.5, 'rising', 'OpenAI Blog', '科技', 'OpenAI宣布Sora模型正式开放API接入，文生视频进入商用阶段', '[{"time":"02:00","value":3.0},{"time":"06:00","value":5.0},{"time":"10:00","value":6.8},{"time":"14:00","value":7.5}]', '["微博","知乎","Github"]', NOW() - INTERVAL '10 hours'),
  ('41000000-0000-4000-8000-000000000005', 'a0000000-0000-4000-8000-000000000001', '春季花粉过敏高峰来袭', 'P1', 6.8, 'plateau', '健康时报', '民生', '全国多地进入春季花粉过敏高峰期，医院过敏科就诊量增长200%', '[{"time":"08:00","value":5.5},{"time":"10:00","value":6.2},{"time":"12:00","value":6.8},{"time":"14:00","value":6.7}]', '["微博","小红书","抖音"]', NOW() - INTERVAL '1 day'),
  ('41000000-0000-4000-8000-000000000006', 'a0000000-0000-4000-8000-000000000001', '3·15晚会曝光直播带货乱象', 'P1', 7.8, 'declining', '央视新闻', '消费', '央视3·15晚会重点曝光多个直播带货平台虚假宣传和售后问题', '[{"time":"20:00","value":9.0},{"time":"22:00","value":8.5},{"time":"00:00","value":8.0},{"time":"06:00","value":7.8},{"time":"14:00","value":6.5}]', '["微博","抖音","微信","百度"]', NOW() - INTERVAL '2 days');

-- ── 18. 话题角度 ──
INSERT INTO topic_angles (hot_topic_id, angle_text, generated_by, status) VALUES
  ('41000000-0000-4000-8000-000000000001', '新质生产力×传统制造业：工厂车间里的AI革命', 'e0000000-0000-4000-8000-000000000002', 'accepted'),
  ('41000000-0000-4000-8000-000000000001', '数说新质生产力：5组数据看中国科技创新加速度', 'e0000000-0000-4000-8000-000000000002', 'suggested'),
  ('41000000-0000-4000-8000-000000000001', '国际视角：海外媒体如何解读中国的"新质生产力"', 'e0000000-0000-4000-8000-000000000002', 'suggested'),
  ('41000000-0000-4000-8000-000000000002', '29999元的Vision Pro值不值？5个维度详细对比', 'e0000000-0000-4000-8000-000000000002', 'accepted'),
  ('41000000-0000-4000-8000-000000000002', '空间计算赛道：苹果、Meta、华为三国演义', 'e0000000-0000-4000-8000-000000000002', 'suggested'),
  ('41000000-0000-4000-8000-000000000003', '降准背后：央行的"稳增长"组合拳', 'e0000000-0000-4000-8000-000000000002', 'accepted'),
  ('41000000-0000-4000-8000-000000000004', 'Sora API开放意味着什么？短视频行业迎来变局', 'e0000000-0000-4000-8000-000000000002', 'accepted');

-- ── 19. 渠道 ──
INSERT INTO channels (id, organization_id, name, platform, status, followers) VALUES
  ('c4000000-0000-4000-8000-000000000001', 'a0000000-0000-4000-8000-000000000001', '华栖云观察',     'wechat',      'active', 328000),
  ('c4000000-0000-4000-8000-000000000002', 'a0000000-0000-4000-8000-000000000001', '华栖云头条号',   'toutiao',     'active', 156000),
  ('c4000000-0000-4000-8000-000000000003', 'a0000000-0000-4000-8000-000000000001', '华栖云视频号',   'douyin',      'active', 89000),
  ('c4000000-0000-4000-8000-000000000004', 'a0000000-0000-4000-8000-000000000001', '华栖观察微博',   'weibo',       'active', 215000),
  ('c4000000-0000-4000-8000-000000000005', 'a0000000-0000-4000-8000-000000000001', '华栖云百家号',   'baidu',       'active', 67000),
  ('c4000000-0000-4000-8000-000000000006', 'a0000000-0000-4000-8000-000000000001', '华栖云B站',      'bilibili',    'active', 42000),
  ('c4000000-0000-4000-8000-000000000007', 'a0000000-0000-4000-8000-000000000001', '华栖生活小红书', 'xiaohongshu', 'active', 38000);

-- ── 20. 渠道指标（最近7天） ──
INSERT INTO channel_metrics (organization_id, channel_id, date, views, likes, shares, comments, followers, engagement) VALUES
  ('a0000000-0000-4000-8000-000000000001', 'c4000000-0000-4000-8000-000000000001', CURRENT_DATE - 6, 45200, 3800, 1200, 890, 326500, 4.2),
  ('a0000000-0000-4000-8000-000000000001', 'c4000000-0000-4000-8000-000000000001', CURRENT_DATE - 5, 38900, 3200, 980, 720, 326800, 3.8),
  ('a0000000-0000-4000-8000-000000000001', 'c4000000-0000-4000-8000-000000000001', CURRENT_DATE - 4, 52100, 4500, 1500, 1020, 327200, 4.5),
  ('a0000000-0000-4000-8000-000000000001', 'c4000000-0000-4000-8000-000000000001', CURRENT_DATE - 3, 187000, 15600, 5200, 3800, 327800, 5.8),
  ('a0000000-0000-4000-8000-000000000001', 'c4000000-0000-4000-8000-000000000001', CURRENT_DATE - 2, 68500, 5800, 1800, 1350, 328000, 4.8),
  ('a0000000-0000-4000-8000-000000000001', 'c4000000-0000-4000-8000-000000000001', CURRENT_DATE - 1, 55300, 4600, 1400, 1100, 328200, 4.3),
  ('a0000000-0000-4000-8000-000000000001', 'c4000000-0000-4000-8000-000000000001', CURRENT_DATE,     32100, 2800, 850, 680, 328500, 3.9),
  -- 头条号
  ('a0000000-0000-4000-8000-000000000001', 'c4000000-0000-4000-8000-000000000002', CURRENT_DATE - 6, 28500, 1200, 450, 320, 155200, 3.5),
  ('a0000000-0000-4000-8000-000000000001', 'c4000000-0000-4000-8000-000000000002', CURRENT_DATE - 5, 32100, 1500, 520, 380, 155400, 3.8),
  ('a0000000-0000-4000-8000-000000000001', 'c4000000-0000-4000-8000-000000000002', CURRENT_DATE - 4, 45600, 2100, 780, 560, 155600, 4.2),
  ('a0000000-0000-4000-8000-000000000001', 'c4000000-0000-4000-8000-000000000002', CURRENT_DATE - 3, 89200, 5800, 2100, 1500, 155800, 5.5),
  ('a0000000-0000-4000-8000-000000000001', 'c4000000-0000-4000-8000-000000000002', CURRENT_DATE - 2, 42300, 1800, 650, 480, 156000, 3.9),
  ('a0000000-0000-4000-8000-000000000001', 'c4000000-0000-4000-8000-000000000002', CURRENT_DATE - 1, 38700, 1600, 580, 420, 156200, 3.7),
  ('a0000000-0000-4000-8000-000000000001', 'c4000000-0000-4000-8000-000000000002', CURRENT_DATE,     21500, 950, 340, 250, 156400, 3.4),
  -- 抖音
  ('a0000000-0000-4000-8000-000000000001', 'c4000000-0000-4000-8000-000000000003', CURRENT_DATE - 3, 125000, 8500, 3200, 2100, 88500, 6.2),
  ('a0000000-0000-4000-8000-000000000001', 'c4000000-0000-4000-8000-000000000003', CURRENT_DATE - 2, 85000, 5200, 1800, 1200, 88800, 5.5),
  ('a0000000-0000-4000-8000-000000000001', 'c4000000-0000-4000-8000-000000000003', CURRENT_DATE - 1, 92000, 6100, 2200, 1500, 89000, 5.8),
  ('a0000000-0000-4000-8000-000000000001', 'c4000000-0000-4000-8000-000000000003', CURRENT_DATE,     45000, 2800, 950, 680, 89200, 4.8);

-- ── 21. 发布计划 ──
INSERT INTO publish_plans (id, organization_id, channel_id, title, status, scheduled_at, published_at, adapted_content) VALUES
  ('bb000000-0000-4000-8000-000000000001', 'a0000000-0000-4000-8000-000000000001', 'c4000000-0000-4000-8000-000000000001', '【两会专题】新质生产力如何重塑中国经济', 'scheduled', NOW() + INTERVAL '2 hours', NULL, '{"headline":"新质生产力如何重塑中国经济","tags":["两会","经济","新质生产力"],"format":"长图文"}'),
  ('bb000000-0000-4000-8000-000000000002', 'a0000000-0000-4000-8000-000000000001', 'c4000000-0000-4000-8000-000000000002', '新质生产力重塑中国经济版图', 'scheduled', NOW() + INTERVAL '3 hours', NULL, '{"headline":"新质生产力重塑中国经济版图","tags":["两会","深度"],"format":"头条文章"}'),
  ('bb000000-0000-4000-8000-000000000003', 'a0000000-0000-4000-8000-000000000001', 'c4000000-0000-4000-8000-000000000003', '一分钟看懂新质生产力', 'scheduled', NOW() + INTERVAL '4 hours', NULL, '{"headline":"一分钟看懂新质生产力","tags":["两会","科普"],"format":"竖版短视频"}'),
  ('bb000000-0000-4000-8000-000000000004', 'a0000000-0000-4000-8000-000000000001', 'c4000000-0000-4000-8000-000000000001', '春季消费趋势深度观察', 'published', NOW() - INTERVAL '30 hours', NOW() - INTERVAL '30 hours', '{"headline":"Z世代消费新图景","tags":["消费","Z世代"],"format":"长图文"}'),
  ('bb000000-0000-4000-8000-000000000005', 'a0000000-0000-4000-8000-000000000001', 'c4000000-0000-4000-8000-000000000004', '春季消费趋势：Z世代引领消费新风向', 'published', NOW() - INTERVAL '29 hours', NOW() - INTERVAL '29 hours', '{"headline":"Z世代引领消费新风向","tags":["消费","趋势"],"format":"微博长文"}');

-- ── 22. 员工记忆 ──
INSERT INTO employee_memories (employee_id, organization_id, memory_type, content, source, importance, access_count) VALUES
  ('e0000000-0000-4000-8000-000000000004', 'a0000000-0000-4000-8000-000000000001', 'feedback',   '张主编偏好用数据开头的文章结构，认为这样更有说服力',                    'human_review', 0.85, 12),
  ('e0000000-0000-4000-8000-000000000004', 'a0000000-0000-4000-8000-000000000001', 'pattern',    '深度报道类文章使用"总-分-总"结构且包含3个以上数据来源时，审核通过率提升23%', 'self_analysis', 0.9, 8),
  ('e0000000-0000-4000-8000-000000000004', 'a0000000-0000-4000-8000-000000000001', 'preference', '微信公众号文章最佳长度为3000-4500字，标题不超过22个字',                  'performance_data', 0.8, 15),
  ('e0000000-0000-4000-8000-000000000001', 'a0000000-0000-4000-8000-000000000001', 'pattern',    '微博热搜词+抖音话题热度同时上升时，话题生命周期通常超过48小时',           'self_analysis', 0.88, 20),
  ('e0000000-0000-4000-8000-000000000001', 'a0000000-0000-4000-8000-000000000001', 'feedback',   '不要推送未经交叉验证的热点，上次未核实的数据导致稿件被退回',             'human_review', 0.95, 6),
  ('e0000000-0000-4000-8000-000000000006', 'a0000000-0000-4000-8000-000000000001', 'pattern',    '涉及具体数字和百分比的稿件需特别关注数据来源标注，80%的退回原因与此有关', 'self_analysis', 0.92, 18),
  ('e0000000-0000-4000-8000-000000000007', 'a0000000-0000-4000-8000-000000000001', 'pattern',    '微信公众号最佳发布时间为早8:00和晚20:00，阅读量比其他时段高35%',         'performance_data', 0.87, 25),
  ('e0000000-0000-4000-8000-000000000002', 'a0000000-0000-4000-8000-000000000001', 'preference', '选题策划时优先考虑有视频化潜力的角度，全媒体产出效率更高',               'human_review', 0.82, 10);

-- ── 23. 任务 ──
INSERT INTO tasks (id, organization_id, team_id, assignee_id, title, description, media_type, status, priority, progress, word_count, created_at) VALUES
  ('14000000-0000-4000-8000-000000000001', 'a0000000-0000-4000-8000-000000000001', '10000000-0000-4000-8000-000000000003', 'e0000000-0000-4000-8000-000000000004', '撰写两会新质生产力深度报道', '基于政府工作报告和专家访谈，撰写4000字深度报道', 'article', 'in_progress', 'P0', 65, 2800, NOW() - INTERVAL '2 hours'),
  ('14000000-0000-4000-8000-000000000002', 'a0000000-0000-4000-8000-000000000001', '10000000-0000-4000-8000-000000000001', 'e0000000-0000-4000-8000-000000000004', 'Vision Pro国行版快讯', '800字快讯，含价格、日期、首批城市信息', 'article', 'reviewing', 'P0', 90, 800, NOW() - INTERVAL '20 minutes'),
  ('14000000-0000-4000-8000-000000000003', 'a0000000-0000-4000-8000-000000000001', '10000000-0000-4000-8000-000000000003', 'e0000000-0000-4000-8000-000000000005', '制作新质生产力1分钟科普短视频', '竖版短视频，配合深度报道发布', 'video', 'pending', 'P1', 0, 0, NOW() - INTERVAL '1 hour'),
  ('14000000-0000-4000-8000-000000000004', 'a0000000-0000-4000-8000-000000000001', '10000000-0000-4000-8000-000000000003', 'e0000000-0000-4000-8000-000000000004', '两会民生提案梳理', '梳理教育、医疗、养老三大领域代表提案', 'article', 'pending', 'P0', 15, 1200, NOW() - INTERVAL '5 hours'),
  ('14000000-0000-4000-8000-000000000005', 'a0000000-0000-4000-8000-000000000001', '10000000-0000-4000-8000-000000000003', 'e0000000-0000-4000-8000-000000000008', '上周数据周报生成', '汇总上周7天各渠道表现数据', 'article', 'in_progress', 'P2', 40, 0, NOW() - INTERVAL '3 hours');

-- ── 24. 执行日志（最近的几条） ──
INSERT INTO execution_logs (organization_id, employee_id, workflow_instance_id, workflow_step_key, step_label, topic_title, scenario, output_summary, tokens_input, tokens_output, duration_ms, tool_call_count, model_id, status, created_at) VALUES
  ('a0000000-0000-4000-8000-000000000001', 'e0000000-0000-4000-8000-000000000001', '01000000-0000-4000-8000-000000000001', 'monitor', '热点监控', '两会热点：新质生产力', 'social_media', '扫描30+平台，识别12个相关热点', 2500, 1800, 12400, 4, 'claude-sonnet-4-20250514', 'success', NOW() - INTERVAL '3 hours'),
  ('a0000000-0000-4000-8000-000000000001', 'e0000000-0000-4000-8000-000000000002', '01000000-0000-4000-8000-000000000001', 'plan', '选题策划', '两会热点：新质生产力', 'social_media', '生成3个差异化角度，推荐角度一', 3200, 2400, 25300, 3, 'claude-sonnet-4-20250514', 'success', NOW() - INTERVAL '2 hours 30 minutes'),
  ('a0000000-0000-4000-8000-000000000001', 'e0000000-0000-4000-8000-000000000003', '01000000-0000-4000-8000-000000000001', 'material', '素材准备', '两会热点：新质生产力', 'social_media', '检索到5段相关视频、8张数据图表', 1800, 1200, 8500, 6, 'claude-sonnet-4-20250514', 'success', NOW() - INTERVAL '2 hours'),
  ('a0000000-0000-4000-8000-000000000001', 'e0000000-0000-4000-8000-000000000001', '01000000-0000-4000-8000-000000000002', 'monitor', '热点监控', 'Vision Pro国行版', 'breaking_news', '苹果官网更新，多家媒体同步', 1500, 900, 6200, 2, 'claude-sonnet-4-20250514', 'success', NOW() - INTERVAL '25 minutes'),
  ('a0000000-0000-4000-8000-000000000001', 'e0000000-0000-4000-8000-000000000004', '01000000-0000-4000-8000-000000000002', 'create', '快速成稿', 'Vision Pro国行版', 'breaking_news', '800字快讯完成', 4500, 3200, 45200, 2, 'claude-sonnet-4-20250514', 'success', NOW() - INTERVAL '10 minutes');

-- ── 25. 性能快照（过去7天） ──
INSERT INTO performance_snapshots (employee_id, snapshot_date, tasks_completed, accuracy, avg_response_time, satisfaction, quality_avg) VALUES
  -- 小文的7天数据
  ('e0000000-0000-4000-8000-000000000004', CURRENT_DATE - 6, 5, 0.87, 48.0, 0.89, 85.0),
  ('e0000000-0000-4000-8000-000000000004', CURRENT_DATE - 5, 7, 0.90, 42.0, 0.91, 88.0),
  ('e0000000-0000-4000-8000-000000000004', CURRENT_DATE - 4, 4, 0.88, 50.0, 0.90, 86.0),
  ('e0000000-0000-4000-8000-000000000004', CURRENT_DATE - 3, 8, 0.92, 38.0, 0.93, 91.0),
  ('e0000000-0000-4000-8000-000000000004', CURRENT_DATE - 2, 6, 0.89, 45.0, 0.91, 87.0),
  ('e0000000-0000-4000-8000-000000000004', CURRENT_DATE - 1, 5, 0.91, 40.0, 0.92, 90.0),
  ('e0000000-0000-4000-8000-000000000004', CURRENT_DATE,     3, 0.89, 45.0, 0.91, 88.0),
  -- 小雷的7天数据
  ('e0000000-0000-4000-8000-000000000001', CURRENT_DATE - 6, 12, 0.93, 11.0, 0.95, 92.0),
  ('e0000000-0000-4000-8000-000000000001', CURRENT_DATE - 5, 15, 0.95, 10.0, 0.96, 94.0),
  ('e0000000-0000-4000-8000-000000000001', CURRENT_DATE - 4, 10, 0.92, 13.0, 0.94, 90.0),
  ('e0000000-0000-4000-8000-000000000001', CURRENT_DATE - 3, 18, 0.96, 9.0,  0.97, 95.0),
  ('e0000000-0000-4000-8000-000000000001', CURRENT_DATE - 2, 14, 0.94, 12.0, 0.96, 93.0),
  ('e0000000-0000-4000-8000-000000000001', CURRENT_DATE - 1, 11, 0.93, 11.0, 0.95, 91.0),
  ('e0000000-0000-4000-8000-000000000001', CURRENT_DATE,     8,  0.94, 12.0, 0.96, 92.0);

-- ── 26. 事件 ──
INSERT INTO events (id, organization_id, name, type, status, start_time, end_time, metadata, stats) VALUES
  ('e1000000-0000-4000-8000-000000000001', 'a0000000-0000-4000-8000-000000000001', 'CBA全明星赛2024', 'sport', 'finished', NOW() - INTERVAL '7 days', NOW() - INTERVAL '6 days 20 hours', '{"venue":"厦门凤翔体育馆","teams":["北区全明星","南区全明星"]}', '{"produced":12,"published":10,"totalViews":856000}'),
  ('e1000000-0000-4000-8000-000000000002', 'a0000000-0000-4000-8000-000000000001', '世界人工智能大会2024', 'conference', 'upcoming', NOW() + INTERVAL '30 days', NOW() + INTERVAL '33 days', '{"venue":"上海世博中心","speakers":["李飞飞","Andrew Ng","陆奇"]}', '{"produced":0,"published":0,"totalViews":0}'),
  ('e1000000-0000-4000-8000-000000000003', 'a0000000-0000-4000-8000-000000000001', '2024全国两会', 'conference', 'live', NOW() - INTERVAL '3 days', NOW() + INTERVAL '7 days', '{"venue":"北京人民大会堂"}', '{"produced":28,"published":25,"totalViews":2350000}');

COMMIT;

-- ============================================================================
-- 执行完成提示
-- ============================================================================
-- 数据概览:
--   1 个组织 (华栖云传媒集团)
--   3 个用户 (张主编、李编辑、王运营)
--   8 个 AI 员工 (完整技能绑定)
--   29 个内置技能
--   5 个知识库
--   3 个团队 (快讯突击队、深度报道组、新媒体运营团)
--   3 个工作流模板 + 3 个工作流实例 (含步骤)
--   8 条团队消息
--   8 个栏目分类
--   8 个媒资素材
--   8 篇文章
--   6 个热点话题 (含角度)
--   7 个发布渠道 (含7天指标数据)
--   5 个发布计划
--   8 条员工记忆
--   5 个任务
--   5 条执行日志
--   14 条性能快照
--   3 个事件
-- ============================================================================
